<?xml version="1.0" encoding="UTF-8"?>
<zk>
    <listener>
        <description>ThreadLocal Synchronization Listener</description>
        <listener-class>org.zkoss.zkplus.util.ThreadLocalListener</listener-class>
    </listener>
    <zscript-config>
        <language-name>GroovyGrails</language-name>
        <interpreter-class>
            org.zkoss.zkgrails.scripting.GroovyGrailsInterpreter
        </interpreter-class>
    </zscript-config>
    <preference>
            <name>ThreadLocal</name>
            <value>
                org.springframework.transaction.support.TransactionSynchronizationManager=resources,
                synchronizations,currentTransactionName,currentTransactionReadOnly,actualTransactionActive;
                org.springframework.orm.hibernate3.SessionFactoryUtils=deferredCloseHolder;
                org.springframework.transaction.interceptor.TransactionAspectSupport=transactionInfoHolder;
                org.springframework.web.context.request.RequestContextHolder=requestAttributesHolder,inheritableRequestAttributesHolder;
            </value>
    </preference>
</zk>